Pearson_r,Variance_obs,Variance_mod,SD_obs,SD_mod,Covariance,Bias,MAE,RMSE,NSE,lnlikelihood,model
0.960518156306914,17.9089510127667,20.1725650993128,4.23198728557422,4.49148385409396,18.2566552936393,0.094706127653774,0.835350034430496,1.25585619217174,0.911933715476034,-39956.1065493576,gotm
