year,TsMax,TsMaxDay,TsMin,TsMinDay,TbMax,TbMaxDay,TbMin,TbMinDay,MaxStratDur,MeanStratDur,TotStratDur,StratStart,StratEnd,StratFirst,StratLast,MeanIceDur,MaxIceDur,TotIceDur,IceOn,IceOff,FirstFreeze,LastThaw,HiceMax,HiceMaxDay,model
2011,22.0610008239746,190,8.45100021362305,311,17.2059993743896,248,8.44699954986572,311,99,50,100,153,252,151,252,NA,NA,NA,NA,NA,NA,NA,0,NA,obs
2012,21.2399997711182,229,9.25,131,18.3840007781982,205,8.9040002822876,131,44,11.8571428571429,83,206,250,133,250,NA,NA,NA,NA,NA,NA,NA,0,NA,obs
2013,20.9519996643066,219,7.76700019836426,127,14.548999786377,267,6.30999994277954,127,131,69,138,136,267,128,267,NA,NA,NA,NA,NA,NA,NA,0,NA,obs
2014,25.2229995727539,203,3.61800003051758,93,16.9969997406006,238,3.57500004768372,93,54,20,140,184,238,115,282,NA,NA,NA,NA,NA,NA,NA,0,NA,obs
2015,20.7549991607666,225,4.80299997329712,103,19.5419998168945,239,4.56199979782104,104,63,11,88,176,239,140,253,NA,NA,NA,NA,NA,NA,NA,0,NA,obs
2012,21.2929992675781,211,0,354,18.1340007781982,244,0.106679998338223,365,87,87,87,157,244,157,244,NA,NA,NA,NA,NA,NA,NA,0,NA,simstrat
2013,21.5639991760254,187,0,0,18.0219993591309,258,0.102889999747276,7,128,128,128,130,258,130,258,120,120,120,-12,108,-12,108,0.360639989376068,82,simstrat
2014,25.8759994506836,209,0,17,18.4440002441406,238,0.0214150007814169,24,60,32.6666666666667,98,178,238,133,238,38,38,38,17,55,17,55,0.132379993796349,31,simstrat
2015,21.1049995422363,185,0,0,19.7329998016357,240,0.00695300009101629,7,79,21.5,86,160,239,141,239,27.5,51,55,4,55,-3,55,0.0943550020456314,38,simstrat
