year,TsMax,TsMaxDay,TsMin,TsMinDay,TbMax,TbMaxDay,TbMin,TbMinDay,MaxStratDur,MeanStratDur,TotStratDur,StratStart,StratEnd,StratFirst,StratLast,MeanIceDur,MaxIceDur,TotIceDur,IceOn,IceOff,FirstFreeze,LastThaw,HiceMax,HiceMaxDay,model
2011,22.0610008239746,190,8.45100021362305,311,17.2059993743896,248,8.44699954986572,311,99,50,100,153,252,151,252,NA,NA,NA,NA,NA,NA,NA,0,NA,obs
2012,21.2399997711182,229,9.25,131,18.3840007781982,205,8.9040002822876,131,44,11.8571428571429,83,206,250,133,250,NA,NA,NA,NA,NA,NA,NA,0,NA,obs
2013,20.9519996643066,219,7.76700019836426,127,14.548999786377,267,6.30999994277954,127,131,69,138,136,267,128,267,NA,NA,NA,NA,NA,NA,NA,0,NA,obs
2014,25.2229995727539,203,3.61800003051758,93,16.9969997406006,238,3.57500004768372,93,54,20,140,184,238,115,282,NA,NA,NA,NA,NA,NA,NA,0,NA,obs
2015,20.7549991607666,225,4.80299997329712,103,19.5419998168945,239,4.56199979782104,104,63,11,88,176,239,140,253,NA,NA,NA,NA,NA,NA,NA,0,NA,obs
2012,20.3139991760254,218,0,344,20.2390003204346,211,1.39719998836517,344,5,3.5,7,188,193,164,193,NA,NA,NA,NA,NA,NA,NA,0,NA,flake
2013,21.3349990844727,214,0,0,15.9099998474121,261,1.61769998073578,0,132,132,132,129,261,129,261,121,121,121,-22,99,-22,99,0.387950003147125,26,flake
2014,24.1509990692139,216,0,16,19.0970001220703,231,0.0170029997825623,360,46,20.6666666666667,62,185,231,139,231,30,30,30,16,46,16,46,0.22240999341011,30,flake
2015,20.0909996032715,185,1.49508914546459e-05,22,19.9990005493164,236,0.00167679996229708,22,42,42,42,172,214,172,214,14,22,42,-5,17,-5,49,0.129020005464554,-1,flake
