year,TsMax,TsMaxDay,TsMin,TsMinDay,TbMax,TbMaxDay,TbMin,TbMinDay,MaxStratDur,MeanStratDur,TotStratDur,StratStart,StratEnd,StratFirst,StratLast,MeanIceDur,MaxIceDur,TotIceDur,IceOn,IceOff,FirstFreeze,LastThaw,HiceMax,HiceMaxDay,model
2011,22.0610008239746,190,8.45100021362305,311,17.2059993743896,248,8.44699954986572,311,99,50,100,153,252,151,252,NA,NA,NA,NA,NA,NA,NA,0,NA,obs
2012,21.2399997711182,229,9.25,131,18.3840007781982,205,8.9040002822876,131,44,11.8571428571429,83,206,250,133,250,NA,NA,NA,NA,NA,NA,NA,0,NA,obs
2013,20.9519996643066,219,7.76700019836426,127,14.548999786377,267,6.30999994277954,127,131,69,138,136,267,128,267,NA,NA,NA,NA,NA,NA,NA,0,NA,obs
2014,25.2229995727539,203,3.61800003051758,93,16.9969997406006,238,3.57500004768372,93,54,20,140,184,238,115,282,NA,NA,NA,NA,NA,NA,NA,0,NA,obs
2015,20.7549991607666,225,4.80299997329712,103,19.5419998168945,239,4.56199979782104,104,63,11,88,176,239,140,253,NA,NA,NA,NA,NA,NA,NA,0,NA,obs
2012,21.5370006561279,215,0,343,18.9799995422363,243,1.53519999980927,365,53,37,74,160,213,160,236,NA,NA,NA,NA,NA,NA,NA,0,NA,simstrat
2013,24.1690006256104,208,0,0,18.3369998931885,243,0.877439975738525,357,106,35.3333333333333,106,128,234,128,256,135,135,135,-23,112,-23,112,0.47545999288559,83,simstrat
2014,23.6189994812012,213,0,14,17.363000869751,251,0.811079978942871,364,65,26,104,176,241,136,254,47,47,47,14,61,14,61,0.21730999648571,31,simstrat
2015,21.9559993743896,218,0,0,17.2959995269775,249,0.61421000957489,24,85,22,88,163,248,140,248,61,61,61,-6,55,-6,55,0.123180001974106,38,simstrat
