year,TsMax,TsMaxDay,TsMin,TsMinDay,TbMax,TbMaxDay,TbMin,TbMinDay,MaxStratDur,MeanStratDur,TotStratDur,StratStart,StratEnd,StratFirst,StratLast,MeanIceDur,MaxIceDur,TotIceDur,IceOn,IceOff,FirstFreeze,LastThaw,HiceMax,HiceMaxDay,model
2011,22.0610008239746,190,8.45100021362305,311,17.2059993743896,248,8.44699954986572,311,99,50,100,153,252,151,252,NA,NA,NA,NA,NA,NA,NA,0,NA,obs
2012,21.2399997711182,229,9.25,131,18.3840007781982,205,8.9040002822876,131,44,11.8571428571429,83,206,250,133,250,NA,NA,NA,NA,NA,NA,NA,0,NA,obs
2013,20.9519996643066,219,7.76700019836426,127,14.548999786377,267,6.30999994277954,127,131,69,138,136,267,128,267,NA,NA,NA,NA,NA,NA,NA,0,NA,obs
2014,25.2229995727539,203,3.61800003051758,93,16.9969997406006,238,3.57500004768372,93,54,20,140,184,238,115,282,NA,NA,NA,NA,NA,NA,NA,0,NA,obs
2015,20.7549991607666,225,4.80299997329712,103,19.5419998168945,239,4.56199979782104,104,63,11,88,176,239,140,253,NA,NA,NA,NA,NA,NA,NA,0,NA,obs
2012,21.3102645874023,201,-0.0360583029687405,341,18.105052947998,239,-0.00147432275116444,344,NA,NA,NA,NA,NA,NA,NA,NA,NA,NA,NA,NA,NA,NA,0,NA,gotm
2013,21.13037109375,221,-4.26359061988027e-13,0,18.4023628234863,243,-6.61399971249588e-13,0,115,29,116,127,242,127,256,132,132,132,-24,108,-24,108,0.483014196157455,82,gotm
2014,25.952169418335,209,-0.213717713952065,359,18.0458869934082,233,-0.105347670614719,360,99,20.6,103,133,232,117,250,24,47,48,15,62,15,65,0.215894684195518,31,gotm
2015,21.1358699798584,185,-0.0910620018839836,62,18.8097496032715,240,-0.00053213129285723,0,100,20,100,140,240,118,243,34.5,68,69,-6,62,-6,66,0.171290084719658,35,gotm
