year,TsMax,TsMaxDay,TsMin,TsMinDay,TbMax,TbMaxDay,TbMin,TbMinDay,MaxStratDur,MeanStratDur,TotStratDur,StratStart,StratEnd,StratFirst,StratLast,MeanIceDur,MaxIceDur,TotIceDur,IceOn,IceOff,FirstFreeze,LastThaw,HiceMax,HiceMaxDay,model
2011,22.0610008239746,190,8.45100021362305,311,17.2059993743896,248,8.44699954986572,311,99,50,100,153,252,151,252,NA,NA,NA,NA,NA,NA,NA,0,NA,obs
2012,21.2399997711182,229,9.25,131,18.3840007781982,205,8.9040002822876,131,44,11.8571428571429,83,206,250,133,250,NA,NA,NA,NA,NA,NA,NA,0,NA,obs
2013,20.9519996643066,219,7.76700019836426,127,14.548999786377,267,6.30999994277954,127,131,69,138,136,267,128,267,NA,NA,NA,NA,NA,NA,NA,0,NA,obs
2014,25.2229995727539,203,3.61800003051758,93,16.9969997406006,238,3.57500004768372,93,54,20,140,184,238,115,282,NA,NA,NA,NA,NA,NA,NA,0,NA,obs
2015,20.7549991607666,225,4.80299997329712,103,19.5419998168945,239,4.56199979782104,104,63,11,88,176,239,140,253,NA,NA,NA,NA,NA,NA,NA,0,NA,obs
2012,20.3379993438721,211,0,343,17.0939998626709,242,0.704720020294189,342,82,82,82,158,240,158,240,NA,NA,NA,NA,NA,NA,NA,0,NA,flake
2013,20.6450004577637,209,0,0,14.7650003433228,263,0.946850001811981,347,135,135,135,128,263,128,263,123,123,123,-23,100,-23,100,0.408699989318848,80,flake
2014,23.9109992980957,217,0.000147467071656138,359,16.7129993438721,238,0.0165389999747276,359,98,98,98,140,238,140,238,30,30,30,16,46,16,46,0.239370003342628,31,flake
2015,19.1439990997314,222,0.00114449928514659,0,19.1439990997314,222,0.128360003232956,0,NA,NA,NA,NA,NA,NA,NA,55,55,55,-6,49,-6,49,0.169119998812675,-2,flake
