year,TsMax,TsMaxDay,TsMin,TsMinDay,TbMax,TbMaxDay,TbMin,TbMinDay,MaxStratDur,MeanStratDur,TotStratDur,StratStart,StratEnd,StratFirst,StratLast,MeanIceDur,MaxIceDur,TotIceDur,IceOn,IceOff,FirstFreeze,LastThaw,HiceMax,HiceMaxDay,model
2011,22.0610008239746,190,8.45100021362305,311,17.2059993743896,248,8.44699954986572,311,99,50,100,153,252,151,252,NA,NA,NA,NA,NA,NA,NA,0,NA,obs
2012,21.2399997711182,229,9.25,131,18.3840007781982,205,8.9040002822876,131,44,11.8571428571429,83,206,250,133,250,NA,NA,NA,NA,NA,NA,NA,0,NA,obs
2013,20.9519996643066,219,7.76700019836426,127,14.548999786377,267,6.30999994277954,127,131,69,138,136,267,128,267,NA,NA,NA,NA,NA,NA,NA,0,NA,obs
2014,25.2229995727539,203,3.61800003051758,93,16.9969997406006,238,3.57500004768372,93,54,20,140,184,238,115,282,NA,NA,NA,NA,NA,NA,NA,0,NA,obs
2015,20.7549991607666,225,4.80299997329712,103,19.5419998168945,239,4.56199979782104,104,63,11,88,176,239,140,253,NA,NA,NA,NA,NA,NA,NA,0,NA,obs
2012,20.4072780609131,207,-0.318678915500641,328,16.0407619476318,247,0.509076952934265,365,NA,NA,NA,NA,NA,NA,NA,NA,NA,NA,NA,NA,NA,NA,0,NA,gotm
2013,21.8812160491943,203,3.36311631437956e-44,124,15.9309349060059,255,5.18480431800182e-44,124,108,108,108,144,252,144,252,162,162,162,-37,125,-37,125,0.929934024810791,100,gotm
2014,25.3555183410645,205,-0.321384191513062,334,16.7838668823242,246,5.3864028764848e-31,101,108,108,108,133,241,133,241,144,144,144,-42,102,-42,102,0.513548612594604,62,gotm
2015,22.8540000915527,184,2.33522231689609e-28,106,15.8668165206909,246,3.62171222338517e-28,106,112,112,112,132,244,132,244,137,137,137,-30,107,-30,107,0.544307947158813,63,gotm
