year,TsMax,TsMaxDay,TsMin,TsMinDay,TbMax,TbMaxDay,TbMin,TbMinDay,MaxStratDur,MeanStratDur,TotStratDur,StratStart,StratEnd,StratFirst,StratLast,MeanIceDur,MaxIceDur,TotIceDur,IceOn,IceOff,FirstFreeze,LastThaw,HiceMax,HiceMaxDay,model
2011,22.0610008239746,190,8.45100021362305,311,17.2059993743896,248,8.44699954986572,311,99,50,100,153,252,151,252,NA,NA,NA,NA,NA,NA,NA,0,NA,obs
2012,21.2399997711182,229,9.25,131,18.3840007781982,205,8.9040002822876,131,44,11.8571428571429,83,206,250,133,250,NA,NA,NA,NA,NA,NA,NA,0,NA,obs
2013,20.9519996643066,219,7.76700019836426,127,14.548999786377,267,6.30999994277954,127,131,69,138,136,267,128,267,NA,NA,NA,NA,NA,NA,NA,0,NA,obs
2014,25.2229995727539,203,3.61800003051758,93,16.9969997406006,238,3.57500004768372,93,54,20,140,184,238,115,282,NA,NA,NA,NA,NA,NA,NA,0,NA,obs
2015,20.7549991607666,225,4.80299997329712,103,19.5419998168945,239,4.56199979782104,104,63,11,88,176,239,140,253,NA,NA,NA,NA,NA,NA,NA,0,NA,obs
2012,21.8922138214111,230,0,328,12.4168291091919,266,0.00637697894126177,351,NA,NA,NA,NA,NA,NA,NA,NA,NA,NA,NA,NA,NA,NA,0,NA,glm
2013,23.5735836029053,205,0,332,16.6138191223145,258,0.00622792216017842,353,107,28.5,114,151,258,128,258,94,94,94,19,113,19,113,0.366827517747879,81,glm
2014,28.5820140838623,206,0,10,13.0021286010742,276,0.00510145677253604,2,131,44.6666666666667,134,145,276,117,276,86,86,86,24,110,24,110,0.259511411190033,75,glm
2015,22.9632968902588,185,0,361,17.1134071350098,244,0.00837517529726028,358,76,11,77,168,244,123,254,114,114,114,2,116,2,116,0.408069670200348,62,glm
