year,TsMax,TsMaxDay,TsMin,TsMinDay,TbMax,TbMaxDay,TbMin,TbMinDay,MaxStratDur,MeanStratDur,TotStratDur,StratStart,StratEnd,StratFirst,StratLast,MeanIceDur,MaxIceDur,TotIceDur,IceOn,IceOff,FirstFreeze,LastThaw,HiceMax,HiceMaxDay,model
2011,22.0610008239746,190,8.45100021362305,311,17.2059993743896,248,8.44699954986572,311,99,50,100,153,252,151,252,NA,NA,NA,NA,NA,NA,NA,0,NA,obs
2012,21.2399997711182,229,9.25,131,18.3840007781982,205,8.9040002822876,131,44,11.8571428571429,83,206,250,133,250,NA,NA,NA,NA,NA,NA,NA,0,NA,obs
2013,20.9519996643066,219,7.76700019836426,127,14.548999786377,267,6.30999994277954,127,131,69,138,136,267,128,267,NA,NA,NA,NA,NA,NA,NA,0,NA,obs
2014,25.2229995727539,203,3.61800003051758,93,16.9969997406006,238,3.57500004768372,93,54,20,140,184,238,115,282,NA,NA,NA,NA,NA,NA,NA,0,NA,obs
2015,20.7549991607666,225,4.80299997329712,103,19.5419998168945,239,4.56199979782104,104,63,11,88,176,239,140,253,NA,NA,NA,NA,NA,NA,NA,0,NA,obs
2012,21.3237895965576,210,-0.206377506256104,340,18.5360889434814,238,-0.0093099270015955,342,NA,NA,NA,NA,NA,NA,NA,NA,NA,NA,NA,NA,NA,NA,0,NA,gotm
2013,21.9440288543701,187,-0.164399087429047,342,18.3271560668945,234,-5.17794466158017e-13,0,107,19.1666666666667,115,126,233,126,256,130,130,130,-25,105,-25,105,0.504679501056671,80,gotm
2014,25.6698246002197,205,-0.438476830720901,358,18.0054149627686,234,-0.0145204002037644,361,57,15.5714285714286,109,177,234,110,254,23,44,46,14,58,-22,58,0.245672658085823,31,gotm
2015,22.1799335479736,182,-0.000157889939146116,0,18.8953189849854,240,-0.000241066547459923,0,79,9.8,98,160,239,117,253,71,71,71,-6,65,-6,65,0.241208046674728,38,gotm
