year,TsMax,TsMaxDay,TsMin,TsMinDay,TbMax,TbMaxDay,TbMin,TbMinDay,MaxStratDur,MeanStratDur,TotStratDur,StratStart,StratEnd,StratFirst,StratLast,MeanIceDur,MaxIceDur,TotIceDur,IceOn,IceOff,FirstFreeze,LastThaw,HiceMax,HiceMaxDay,model
2011,22.0610008239746,190,8.45100021362305,311,17.2059993743896,248,8.44699954986572,311,99,50,100,153,252,151,252,NA,NA,NA,NA,NA,NA,NA,0,NA,obs
2012,21.2399997711182,229,9.25,131,18.3840007781982,205,8.9040002822876,131,44,11.8571428571429,83,206,250,133,250,NA,NA,NA,NA,NA,NA,NA,0,NA,obs
2013,20.9519996643066,219,7.76700019836426,127,14.548999786377,267,6.30999994277954,127,131,69,138,136,267,128,267,NA,NA,NA,NA,NA,NA,NA,0,NA,obs
2014,25.2229995727539,203,3.61800003051758,93,16.9969997406006,238,3.57500004768372,93,54,20,140,184,238,115,282,NA,NA,NA,NA,NA,NA,NA,0,NA,obs
2015,20.7549991607666,225,4.80299997329712,103,19.5419998168945,239,4.56199979782104,104,63,11,88,176,239,140,253,NA,NA,NA,NA,NA,NA,NA,0,NA,obs
2012,20.6146144866943,229,-1.15550993893513e-17,342,18.5385303497314,240,0.00924302451312542,351,55,39.5,79,185,240,157,240,NA,NA,NA,NA,NA,NA,NA,0,NA,glm
2013,20.5461082458496,219,-0.297293245792389,128,15.5668668746948,265,0.736519873142242,0,126,126,126,139,265,139,265,146,146,146,-14,132,-14,132,0.437737941741943,85,glm
2014,24.4790859222412,209,-0.0374432690441608,58,16.7988319396973,256,0.0196417011320591,362,75,15.5,93,181,256,138,256,94,94,94,18,112,18,112,0.190466493368149,77,glm
2015,20.0079174041748,185,-0.135650709271431,89,19.1279945373535,240,0.178450390696526,0,77,15.8,79,163,240,141,240,119,119,119,-2,117,-2,117,0.272017866373062,80,glm
