year,TsMax,TsMaxDay,TsMin,TsMinDay,TbMax,TbMaxDay,TbMin,TbMinDay,MaxStratDur,MeanStratDur,TotStratDur,StratStart,StratEnd,StratFirst,StratLast,MeanIceDur,MaxIceDur,TotIceDur,IceOn,IceOff,FirstFreeze,LastThaw,HiceMax,HiceMaxDay,model
2011,22.0610008239746,190,8.45100021362305,311,17.2059993743896,248,8.44699954986572,311,99,50,100,153,252,151,252,NA,NA,NA,NA,NA,NA,NA,0,NA,obs
2012,21.2399997711182,229,9.25,131,18.3840007781982,205,8.9040002822876,131,44,11.8571428571429,83,206,250,133,250,NA,NA,NA,NA,NA,NA,NA,0,NA,obs
2013,20.9519996643066,219,7.76700019836426,127,14.548999786377,267,6.30999994277954,127,131,69,138,136,267,128,267,NA,NA,NA,NA,NA,NA,NA,0,NA,obs
2014,25.2229995727539,203,3.61800003051758,93,16.9969997406006,238,3.57500004768372,93,54,20,140,184,238,115,282,NA,NA,NA,NA,NA,NA,NA,0,NA,obs
2015,20.7549991607666,225,4.80299997329712,103,19.5419998168945,239,4.56199979782104,104,63,11,88,176,239,140,253,NA,NA,NA,NA,NA,NA,NA,0,NA,obs
2012,20.9832935333252,201,0.0063809989951551,346,19.1305160522461,239,0.0281382314860821,347,54,38.5,77,185,239,158,239,NA,NA,NA,NA,NA,NA,NA,0,NA,glm
2013,21.1179656982422,221,-0.614529848098755,103,20.5289077758789,223,0.783411741256714,0,43,6.33333333333333,57,156,199,144,247,155,155,155,-19,136,-19,136,0.433869481086731,91,glm
2014,25.2168273925781,209,-0.133854821324348,61,18.3031101226807,237,0.0195302460342646,362,52,10.1428571428571,71,185,237,141,237,100,100,100,16,116,16,116,0.229828178882599,77,glm
2015,20.5934906005859,221,-0.213253453373909,89,19.9670505523682,237,0.200089141726494,0,49,7,56,167,216,146,234,125,125,125,-2,123,-2,123,0.292148858308792,80,glm
