year,TsMax,TsMaxDay,TsMin,TsMinDay,TbMax,TbMaxDay,TbMin,TbMinDay,MaxStratDur,MeanStratDur,TotStratDur,StratStart,StratEnd,StratFirst,StratLast,MeanIceDur,MaxIceDur,TotIceDur,IceOn,IceOff,FirstFreeze,LastThaw,HiceMax,HiceMaxDay,model
2011,22.0610008239746,190,8.45100021362305,311,17.2059993743896,248,8.44699954986572,311,99,50,100,153,252,151,252,NA,NA,NA,NA,NA,NA,NA,0,NA,obs
2012,21.2399997711182,229,9.25,131,18.3840007781982,205,8.9040002822876,131,44,11.8571428571429,83,206,250,133,250,NA,NA,NA,NA,NA,NA,NA,0,NA,obs
2013,20.9519996643066,219,7.76700019836426,127,14.548999786377,267,6.30999994277954,127,131,69,138,136,267,128,267,NA,NA,NA,NA,NA,NA,NA,0,NA,obs
2014,25.2229995727539,203,3.61800003051758,93,16.9969997406006,238,3.57500004768372,93,54,20,140,184,238,115,282,NA,NA,NA,NA,NA,NA,NA,0,NA,obs
2015,20.7549991607666,225,4.80299997329712,103,19.5419998168945,239,4.56199979782104,104,63,11,88,176,239,140,253,NA,NA,NA,NA,NA,NA,NA,0,NA,obs
2012,20.5611228942871,229,0,337,18.7982978820801,239,0.0333039425313473,363,45,38.5,77,160,205,160,239,NA,NA,NA,NA,NA,NA,NA,0,NA,glm
2013,23.4408264160156,208,0,5,11.3997325897217,280,0.012660781852901,10,148,74,148,132,280,130,280,NA,NA,NA,NA,NA,NA,NA,0,NA,glm
2014,22.1545181274414,208,0,35,14.6679553985596,264,0.0137131093069911,30,88,35.6666666666667,107,176,264,138,264,NA,NA,NA,NA,NA,NA,NA,0,NA,glm
2015,19.1836853027344,233,0,360,17.7126312255859,245,0.0153764104470611,6,82,27.6666666666667,83,163,245,146,253,NA,NA,NA,NA,NA,NA,NA,0,NA,glm
