Pearson_r,Variance_obs,Variance_mod,SD_obs,SD_mod,Covariance,Bias,MAE,RMSE,NSE,lnlikelihood,par_id,model
0.829312363406053,19.5236840070779,23.5992661394613,4.41871866969519,4.85808060025776,17.8011587770352,-0.235333478036424,2.02486299030792,2.75245607382816,0.611957741397218,-66085.5183634355,p0001,FLake
0.883659414391544,17.9089510285983,28.6783933317599,4.23198728744476,5.35533555965465,20.0261466265269,2.40528207231307,2.65818511038733,3.51004742912329,0.312051669859342,-165652.227246921,p0001,GLM
0.931035612343161,17.9089510285983,21.8661131696912,4.23198728744476,4.67622151516664,18.4241373830803,0.76954453975058,1.41173992281531,1.87589664715005,0.803506736649767,-62675.3239772182,p0001,GOTM
0.930492134145083,17.9089510285983,24.8353959118292,4.23198728744476,4.98361889583195,19.623809735772,2.20033734615385,2.23896755982906,2.88759621584508,0.534410927114169,-119060.240974414,p0001,Simstrat
